r2,mae,mse
0.5673931524001414,4.006095112857772,29.49334323878773
0.6511170629284467,3.8319807496522915,26.750958940930616
0.627088061485531,3.7417586163171563,26.623952923451768
0.713454879447782,3.572227704426453,21.407760113605374
0.5988225291357339,4.007615140811943,31.85006737716
