r2,mae,mse
0.615385732300684,3.9608036324631004,26.221407901252608
0.6702644290860595,3.7341583610282805,25.28281489751982
0.6605022265195392,3.697847085308196,24.238357116608576
0.7317944645013658,3.428916368328987,20.037611368257473
0.6355754845206703,3.875152511016625,28.9321963840602
