r2_no2,mae_no2,mse_no2,r2_o3,mae_o3,mse_o3,r2_pm10,mae_pm10,mse_pm10
0.4057601208086352,4.676834758153263,40.51281393348986,0.27730649937552687,7.167218193839415,83.31472823726978,0.2077576109992879,5.517585615702074,56.5436707484365
0.5488855343201198,4.327590346123,34.58966681018088,0.3778506401034002,7.1757678404272704,85.8178710244327,0.28545520055266715,5.430811172853484,59.26795473982246
0.5271528349710154,4.29357930474952,33.75880298139304,0.3508394016596126,6.734219434594803,77.00781987844353,0.31248006145400187,5.237188350954826,49.45718070113476
0.6769161666351369,3.8279031713782428,24.137564052494916,0.4129743403065409,6.513438408637529,69.00808441132193,0.3086004030321925,4.675720050397831,44.73979816033719
0.4977100921904979,4.691649772688697,39.8775319365151,0.3607876533369955,6.266068754060428,70.04546720450121,0.32150891666600057,4.76932620202704,40.78984207973697
